Title,Price,Rating,Picture
A Light in the Attic,£52.86,Two,https://books.toscrape.com/media/cache/58/6a/586afa8809f59bff51b89b2bc4a16129.jpg
Tipping the Velvet,£55.65,Five,https://books.toscrape.com/media/cache/89/10/8910c36eec96636288a9cfb61610c9fa.jpg
Soumission,£43.64,One,https://books.toscrape.com/media/cache/8a/0d/8a0d251ccece436f956df676c99e70f7.jpg
Sharp Objects,£28.41,One,https://books.toscrape.com/media/cache/33/4f/334fd0ebdf0c0192baf5914d199c53b5.jpg
Sapiens: A Brief History of Humankind,£37.51,Four,https://books.toscrape.com/media/cache/7d/16/7d16c126f85826628bf9dcccd7a66b32.jpg
The Requiem Red,£11.45,Three,https://books.toscrape.com/media/cache/56/cb/56cb66d73fb438d64af14dce8bd8b22b.jpg
The Dirty Little Secrets of Getting Your Dream Job,£19.22,Two,https://books.toscrape.com/media/cache/3a/4f/3a4fb30cfc5742f4726bc9f807b66cda.jpg
"The Coming Woman: A Novel Based on the Life of the Infamous Feminist, Victoria Woodhull",£56.91,Four,https://books.toscrape.com/media/cache/73/45/7345c412c4c821f131d3c159e027c3a0.jpg
The Boys in the Boat: Nine Americans and Their Epic Quest for Gold at the 1936 Berlin Olympics,£55.06,Four,https://books.toscrape.com/media/cache/c7/7f/c77fdad22e40b8b923ec6c5b1f5a740f.jpg
The Black Maria,£13.20,Three,https://books.toscrape.com/media/cache/56/31/56313728d302c83f2a8c70fba635ce33.jpg
"Starving Hearts (Triangular Trade Trilogy, #1)",£53.63,Two,https://books.toscrape.com/media/cache/1d/1f/1d1fbd89f0290275b9166877663ee9f5.jpg
Shakespeare's Sonnets,£44.48,Five,https://books.toscrape.com/media/cache/11/af/11af7fbd6aec06a75fe207fae92b17e0.jpg
Set Me Free,£12.08,Three,https://books.toscrape.com/media/cache/9e/15/9e15d7add5090ff2a17bd71ac96aa55a.jpg
Scott Pilgrim's Precious Little Life (Scott Pilgrim #1),£22.14,Two,https://books.toscrape.com/media/cache/0c/07/0c07b114195b45c156f7f1e23820c49a.jpg
Rip it Up and Start Again,£25.37,Five,https://books.toscrape.com/media/cache/c7/ab/c7abb5e32bd37118a87523dcee0a70a6.jpg
"Our Band Could Be Your Life: Scenes from the American Indie Underground, 1981-1991",£46.33,Two,https://books.toscrape.com/media/cache/8b/10/8b102daec94d1ea9c6fc36dd3ec1c1fe.jpg
Olio,£37.33,Three,https://books.toscrape.com/media/cache/98/c2/98c2e95c5fd1a4e7cd5f2b63c52826cb.jpg
Mesaerion: The Best Science Fiction Stories 1800-1849,£25.55,One,https://books.toscrape.com/media/cache/4c/30/4c3041def6f29659e009f61e45e492b0.jpg
Libertarianism for Beginners,£34.72,One,https://books.toscrape.com/media/cache/8e/43/8e4335b369bdad5ccc1551e5592f89ac.jpg
It's Only the Himalayas,£35.96,Four,https://books.toscrape.com/media/cache/6c/18/6c18ea03e294bfcfe07cf531c6c5f5b3.jpg
In Her Wake,£52.86,Two,https://books.toscrape.com/media/cache/58/6a/586afa8809f59bff51b89b2bc4a16129.jpg
How Music Works,£55.65,Five,https://books.toscrape.com/media/cache/89/10/8910c36eec96636288a9cfb61610c9fa.jpg
"Foolproof Preserving: A Guide to Small Batch Jams, Jellies, Pickles, Condiments, and More: A Foolproof Guide to Making Small Batch Jams, Jellies, Pickles, Condiments, and More",£43.64,One,https://books.toscrape.com/media/cache/8a/0d/8a0d251ccece436f956df676c99e70f7.jpg
Chase Me (Paris Nights #2),£28.41,One,https://books.toscrape.com/media/cache/33/4f/334fd0ebdf0c0192baf5914d199c53b5.jpg
Black Dust,£37.51,Four,https://books.toscrape.com/media/cache/7d/16/7d16c126f85826628bf9dcccd7a66b32.jpg
Birdsong: A Story in Pictures,£11.45,Three,https://books.toscrape.com/media/cache/56/cb/56cb66d73fb438d64af14dce8bd8b22b.jpg
America's Cradle of Quarterbacks: Western Pennsylvania's Football Factory from Johnny Unitas to Joe Montana,£19.22,Two,https://books.toscrape.com/media/cache/3a/4f/3a4fb30cfc5742f4726bc9f807b66cda.jpg
Aladdin and His Wonderful Lamp,£56.91,Four,https://books.toscrape.com/media/cache/73/45/7345c412c4c821f131d3c159e027c3a0.jpg
Worlds Elsewhere: Journeys Around Shakespeareâs Globe,£55.06,Four,https://books.toscrape.com/media/cache/c7/7f/c77fdad22e40b8b923ec6c5b1f5a740f.jpg
Wall and Piece,£13.20,Three,https://books.toscrape.com/media/cache/56/31/56313728d302c83f2a8c70fba635ce33.jpg
The Four Agreements: A Practical Guide to Personal Freedom,£53.63,Two,https://books.toscrape.com/media/cache/1d/1f/1d1fbd89f0290275b9166877663ee9f5.jpg
The Five Love Languages: How to Express Heartfelt Commitment to Your Mate,£44.48,Five,https://books.toscrape.com/media/cache/11/af/11af7fbd6aec06a75fe207fae92b17e0.jpg
The Elephant Tree,£12.08,Three,https://books.toscrape.com/media/cache/9e/15/9e15d7add5090ff2a17bd71ac96aa55a.jpg
The Bear and the Piano,£22.14,Two,https://books.toscrape.com/media/cache/0c/07/0c07b114195b45c156f7f1e23820c49a.jpg
Sophie's World,£25.37,Five,https://books.toscrape.com/media/cache/c7/ab/c7abb5e32bd37118a87523dcee0a70a6.jpg
Penny Maybe,£46.33,Two,https://books.toscrape.com/media/cache/8b/10/8b102daec94d1ea9c6fc36dd3ec1c1fe.jpg
Maude (1883-1993):She Grew Up with the country,£37.33,Three,https://books.toscrape.com/media/cache/98/c2/98c2e95c5fd1a4e7cd5f2b63c52826cb.jpg
"In a Dark, Dark Wood",£25.55,One,https://books.toscrape.com/media/cache/4c/30/4c3041def6f29659e009f61e45e492b0.jpg
Behind Closed Doors,£34.72,One,https://books.toscrape.com/media/cache/8e/43/8e4335b369bdad5ccc1551e5592f89ac.jpg
You can't bury them all: Poems,£35.96,Four,https://books.toscrape.com/media/cache/6c/18/6c18ea03e294bfcfe07cf531c6c5f5b3.jpg
Slow States of Collapse: Poems,£52.86,Two,https://books.toscrape.com/media/cache/58/6a/586afa8809f59bff51b89b2bc4a16129.jpg
Reasons to Stay Alive,£55.65,Five,https://books.toscrape.com/media/cache/89/10/8910c36eec96636288a9cfb61610c9fa.jpg
Private Paris (Private #10),£43.64,One,https://books.toscrape.com/media/cache/8a/0d/8a0d251ccece436f956df676c99e70f7.jpg
#HigherSelfie: Wake Up Your Life. Free Your Soul. Find Your Tribe.,£28.41,One,https://books.toscrape.com/media/cache/33/4f/334fd0ebdf0c0192baf5914d199c53b5.jpg
Without Borders (Wanderlove #1),£37.51,Four,https://books.toscrape.com/media/cache/7d/16/7d16c126f85826628bf9dcccd7a66b32.jpg
When We Collided,£11.45,Three,https://books.toscrape.com/media/cache/56/cb/56cb66d73fb438d64af14dce8bd8b22b.jpg
"We Love You, Charlie Freeman",£19.22,Two,https://books.toscrape.com/media/cache/3a/4f/3a4fb30cfc5742f4726bc9f807b66cda.jpg
Untitled Collection: Sabbath Poems 2014,£56.91,Four,https://books.toscrape.com/media/cache/73/45/7345c412c4c821f131d3c159e027c3a0.jpg
"Unseen City: The Majesty of Pigeons, the Discreet Charm of Snails & Other Wonders of the Urban Wilderness",£55.06,Four,https://books.toscrape.com/media/cache/c7/7f/c77fdad22e40b8b923ec6c5b1f5a740f.jpg
Unicorn Tracks,£13.20,Three,https://books.toscrape.com/media/cache/56/31/56313728d302c83f2a8c70fba635ce33.jpg
"Unbound: How Eight Technologies Made Us Human, Transformed Society, and Brought Our World to the Brink",£53.63,Two,https://books.toscrape.com/media/cache/1d/1f/1d1fbd89f0290275b9166877663ee9f5.jpg
Tsubasa: WoRLD CHRoNiCLE 2 (Tsubasa WoRLD CHRoNiCLE #2),£44.48,Five,https://books.toscrape.com/media/cache/11/af/11af7fbd6aec06a75fe207fae92b17e0.jpg
Throwing Rocks at the Google Bus: How Growth Became the Enemy of Prosperity,£12.08,Three,https://books.toscrape.com/media/cache/9e/15/9e15d7add5090ff2a17bd71ac96aa55a.jpg
This One Summer,£22.14,Two,https://books.toscrape.com/media/cache/0c/07/0c07b114195b45c156f7f1e23820c49a.jpg
Thirst,£25.37,Five,https://books.toscrape.com/media/cache/c7/ab/c7abb5e32bd37118a87523dcee0a70a6.jpg
The Torch Is Passed: A Harding Family Story,£46.33,Two,https://books.toscrape.com/media/cache/8b/10/8b102daec94d1ea9c6fc36dd3ec1c1fe.jpg
The Secret of Dreadwillow Carse,£37.33,Three,https://books.toscrape.com/media/cache/98/c2/98c2e95c5fd1a4e7cd5f2b63c52826cb.jpg
"The Pioneer Woman Cooks: Dinnertime: Comfort Classics, Freezer Food, 16-Minute Meals, and Other Delicious Ways to Solve Supper!",£25.55,One,https://books.toscrape.com/media/cache/4c/30/4c3041def6f29659e009f61e45e492b0.jpg
The Past Never Ends,£34.72,One,https://books.toscrape.com/media/cache/8e/43/8e4335b369bdad5ccc1551e5592f89ac.jpg
The Natural History of Us (The Fine Art of Pretending #2),£35.96,Four,https://books.toscrape.com/media/cache/6c/18/6c18ea03e294bfcfe07cf531c6c5f5b3.jpg
The Nameless City (The Nameless City #1),£52.86,Two,https://books.toscrape.com/media/cache/58/6a/586afa8809f59bff51b89b2bc4a16129.jpg
The Murder That Never Was (Forensic Instincts #5),£55.65,Five,https://books.toscrape.com/media/cache/89/10/8910c36eec96636288a9cfb61610c9fa.jpg
The Most Perfect Thing: Inside (and Outside) a Bird's Egg,£43.64,One,https://books.toscrape.com/media/cache/8a/0d/8a0d251ccece436f956df676c99e70f7.jpg
"The Mindfulness and Acceptance Workbook for Anxiety: A Guide to Breaking Free from Anxiety, Phobias, and Worry Using Acceptance and Commitment Therapy",£28.41,One,https://books.toscrape.com/media/cache/33/4f/334fd0ebdf0c0192baf5914d199c53b5.jpg
The Life-Changing Magic of Tidying Up: The Japanese Art of Decluttering and Organizing,£37.51,Four,https://books.toscrape.com/media/cache/7d/16/7d16c126f85826628bf9dcccd7a66b32.jpg
"The Inefficiency Assassin: Time Management Tactics for Working Smarter, Not Longer",£11.45,Three,https://books.toscrape.com/media/cache/56/cb/56cb66d73fb438d64af14dce8bd8b22b.jpg
The Gutsy Girl: Escapades for Your Life of Epic Adventure,£19.22,Two,https://books.toscrape.com/media/cache/3a/4f/3a4fb30cfc5742f4726bc9f807b66cda.jpg
The Electric Pencil: Drawings from Inside State Hospital No. 3,£56.91,Four,https://books.toscrape.com/media/cache/73/45/7345c412c4c821f131d3c159e027c3a0.jpg
The Death of Humanity: and the Case for Life,£55.06,Four,https://books.toscrape.com/media/cache/c7/7f/c77fdad22e40b8b923ec6c5b1f5a740f.jpg
"The Bulletproof Diet: Lose up to a Pound a Day, Reclaim Energy and Focus, Upgrade Your Life",£13.20,Three,https://books.toscrape.com/media/cache/56/31/56313728d302c83f2a8c70fba635ce33.jpg
The Art Forger,£53.63,Two,https://books.toscrape.com/media/cache/1d/1f/1d1fbd89f0290275b9166877663ee9f5.jpg
The Age of Genius: The Seventeenth Century and the Birth of the Modern Mind,£44.48,Five,https://books.toscrape.com/media/cache/11/af/11af7fbd6aec06a75fe207fae92b17e0.jpg
The Activist's Tao Te Ching: Ancient Advice for a Modern Revolution,£12.08,Three,https://books.toscrape.com/media/cache/9e/15/9e15d7add5090ff2a17bd71ac96aa55a.jpg
Spark Joy: An Illustrated Master Class on the Art of Organizing and Tidying Up,£22.14,Two,https://books.toscrape.com/media/cache/0c/07/0c07b114195b45c156f7f1e23820c49a.jpg
Soul Reader,£25.37,Five,https://books.toscrape.com/media/cache/c7/ab/c7abb5e32bd37118a87523dcee0a70a6.jpg
Security,£46.33,Two,https://books.toscrape.com/media/cache/8b/10/8b102daec94d1ea9c6fc36dd3ec1c1fe.jpg
"Saga, Volume 6 (Saga (Collected Editions) #6)",£37.33,Three,https://books.toscrape.com/media/cache/98/c2/98c2e95c5fd1a4e7cd5f2b63c52826cb.jpg
"Saga, Volume 5 (Saga (Collected Editions) #5)",£25.55,One,https://books.toscrape.com/media/cache/4c/30/4c3041def6f29659e009f61e45e492b0.jpg
Reskilling America: Learning to Labor in the Twenty-First Century,£34.72,One,https://books.toscrape.com/media/cache/8e/43/8e4335b369bdad5ccc1551e5592f89ac.jpg
"Rat Queens, Vol. 3: Demons (Rat Queens (Collected Editions) #11-15)",£35.96,Four,https://books.toscrape.com/media/cache/6c/18/6c18ea03e294bfcfe07cf531c6c5f5b3.jpg
"Princess Jellyfish 2-in-1 Omnibus, Vol. 01 (Princess Jellyfish 2-in-1 Omnibus #1)",£52.86,Two,https://books.toscrape.com/media/cache/58/6a/586afa8809f59bff51b89b2bc4a16129.jpg
Princess Between Worlds (Wide-Awake Princess #5),£55.65,Five,https://books.toscrape.com/media/cache/89/10/8910c36eec96636288a9cfb61610c9fa.jpg
"Pop Gun War, Volume 1: Gift",£43.64,One,https://books.toscrape.com/media/cache/8a/0d/8a0d251ccece436f956df676c99e70f7.jpg
"Political Suicide: Missteps, Peccadilloes, Bad Calls, Backroom Hijinx, Sordid Pasts, Rotten Breaks, and Just Plain Dumb Mistakes in the Annals of American Politics",£28.41,One,https://books.toscrape.com/media/cache/33/4f/334fd0ebdf0c0192baf5914d199c53b5.jpg
Patience,£37.51,Four,https://books.toscrape.com/media/cache/7d/16/7d16c126f85826628bf9dcccd7a66b32.jpg
"Outcast, Vol. 1: A Darkness Surrounds Him (Outcast #1)",£11.45,Three,https://books.toscrape.com/media/cache/56/cb/56cb66d73fb438d64af14dce8bd8b22b.jpg
orange: The Complete Collection 1 (orange: The Complete Collection #1),£19.22,Two,https://books.toscrape.com/media/cache/3a/4f/3a4fb30cfc5742f4726bc9f807b66cda.jpg
Online Marketing for Busy Authors: A Step-By-Step Guide,£56.91,Four,https://books.toscrape.com/media/cache/73/45/7345c412c4c821f131d3c159e027c3a0.jpg
On a Midnight Clear,£55.06,Four,https://books.toscrape.com/media/cache/c7/7f/c77fdad22e40b8b923ec6c5b1f5a740f.jpg
Obsidian (Lux #1),£13.20,Three,https://books.toscrape.com/media/cache/56/31/56313728d302c83f2a8c70fba635ce33.jpg
My Paris Kitchen: Recipes and Stories,£53.63,Two,https://books.toscrape.com/media/cache/1d/1f/1d1fbd89f0290275b9166877663ee9f5.jpg
Masks and Shadows,£44.48,Five,https://books.toscrape.com/media/cache/11/af/11af7fbd6aec06a75fe207fae92b17e0.jpg
"Mama Tried: Traditional Italian Cooking for the Screwed, Crude, Vegan, and Tattooed",£12.08,Three,https://books.toscrape.com/media/cache/9e/15/9e15d7add5090ff2a17bd71ac96aa55a.jpg
"Lumberjanes, Vol. 2: Friendship to the Max (Lumberjanes #5-8)",£22.14,Two,https://books.toscrape.com/media/cache/0c/07/0c07b114195b45c156f7f1e23820c49a.jpg
"Lumberjanes, Vol. 1: Beware the Kitten Holy (Lumberjanes #1-4)",£25.37,Five,https://books.toscrape.com/media/cache/c7/ab/c7abb5e32bd37118a87523dcee0a70a6.jpg
Lumberjanes Vol. 3: A Terrible Plan (Lumberjanes #9-12),£46.33,Two,https://books.toscrape.com/media/cache/8b/10/8b102daec94d1ea9c6fc36dd3ec1c1fe.jpg
"Layered: Baking, Building, and Styling Spectacular Cakes",£37.33,Three,https://books.toscrape.com/media/cache/98/c2/98c2e95c5fd1a4e7cd5f2b63c52826cb.jpg
Judo: Seven Steps to Black Belt (an Introductory Guide for Beginners),£25.55,One,https://books.toscrape.com/media/cache/4c/30/4c3041def6f29659e009f61e45e492b0.jpg
Join,£34.72,One,https://books.toscrape.com/media/cache/8e/43/8e4335b369bdad5ccc1551e5592f89ac.jpg
In the Country We Love: My Family Divided,£35.96,Four,https://books.toscrape.com/media/cache/6c/18/6c18ea03e294bfcfe07cf531c6c5f5b3.jpg
Immunity: How Elie Metchnikoff Changed the Course of Modern Medicine,£52.86,Two,https://books.toscrape.com/media/cache/58/6a/586afa8809f59bff51b89b2bc4a16129.jpg
"I Hate Fairyland, Vol. 1: Madly Ever After (I Hate Fairyland (Compilations) #1-5)",£55.65,Five,https://books.toscrape.com/media/cache/89/10/8910c36eec96636288a9cfb61610c9fa.jpg
I am a Hero Omnibus Volume 1,£43.64,One,https://books.toscrape.com/media/cache/8a/0d/8a0d251ccece436f956df676c99e70f7.jpg
How to Be Miserable: 40 Strategies You Already Use,£28.41,One,https://books.toscrape.com/media/cache/33/4f/334fd0ebdf0c0192baf5914d199c53b5.jpg
Her Backup Boyfriend (The Sorensen Family #1),£37.51,Four,https://books.toscrape.com/media/cache/7d/16/7d16c126f85826628bf9dcccd7a66b32.jpg
"Giant Days, Vol. 2 (Giant Days #5-8)",£11.45,Three,https://books.toscrape.com/media/cache/56/cb/56cb66d73fb438d64af14dce8bd8b22b.jpg
Forever and Forever: The Courtship of Henry Longfellow and Fanny Appleton,£19.22,Two,https://books.toscrape.com/media/cache/3a/4f/3a4fb30cfc5742f4726bc9f807b66cda.jpg
First and First (Five Boroughs #3),£56.91,Four,https://books.toscrape.com/media/cache/73/45/7345c412c4c821f131d3c159e027c3a0.jpg
Fifty Shades Darker (Fifty Shades #2),£55.06,Four,https://books.toscrape.com/media/cache/c7/7f/c77fdad22e40b8b923ec6c5b1f5a740f.jpg
Everydata: The Misinformation Hidden in the Little Data You Consume Every Day,£13.20,Three,https://books.toscrape.com/media/cache/56/31/56313728d302c83f2a8c70fba635ce33.jpg
"Don't Be a Jerk: And Other Practical Advice from Dogen, Japan's Greatest Zen Master",£53.63,Two,https://books.toscrape.com/media/cache/1d/1f/1d1fbd89f0290275b9166877663ee9f5.jpg
Danganronpa Volume 1,£44.48,Five,https://books.toscrape.com/media/cache/11/af/11af7fbd6aec06a75fe207fae92b17e0.jpg
Crown of Midnight (Throne of Glass #2),£12.08,Three,https://books.toscrape.com/media/cache/9e/15/9e15d7add5090ff2a17bd71ac96aa55a.jpg
"Codename Baboushka, Volume 1: The Conclave of Death",£22.14,Two,https://books.toscrape.com/media/cache/0c/07/0c07b114195b45c156f7f1e23820c49a.jpg
Camp Midnight,£25.37,Five,https://books.toscrape.com/media/cache/c7/ab/c7abb5e32bd37118a87523dcee0a70a6.jpg
Call the Nurse: True Stories of a Country Nurse on a Scottish Isle,£46.33,Two,https://books.toscrape.com/media/cache/8b/10/8b102daec94d1ea9c6fc36dd3ec1c1fe.jpg
Burning,£37.33,Three,https://books.toscrape.com/media/cache/98/c2/98c2e95c5fd1a4e7cd5f2b63c52826cb.jpg
Bossypants,£25.55,One,https://books.toscrape.com/media/cache/4c/30/4c3041def6f29659e009f61e45e492b0.jpg
"Bitch Planet, Vol. 1: Extraordinary Machine (Bitch Planet (Collected Editions))",£34.72,One,https://books.toscrape.com/media/cache/8e/43/8e4335b369bdad5ccc1551e5592f89ac.jpg
"Avatar: The Last Airbender: Smoke and Shadow, Part 3 (Smoke and Shadow #3)",£35.96,Four,https://books.toscrape.com/media/cache/6c/18/6c18ea03e294bfcfe07cf531c6c5f5b3.jpg
Algorithms to Live By: The Computer Science of Human Decisions,£52.86,Two,https://books.toscrape.com/media/cache/58/6a/586afa8809f59bff51b89b2bc4a16129.jpg
A World of Flavor: Your Gluten Free Passport,£55.65,Five,https://books.toscrape.com/media/cache/89/10/8910c36eec96636288a9cfb61610c9fa.jpg
"A Piece of Sky, a Grain of Rice: A Memoir in Four Meditations",£43.64,One,https://books.toscrape.com/media/cache/8a/0d/8a0d251ccece436f956df676c99e70f7.jpg
A Murder in Time,£28.41,One,https://books.toscrape.com/media/cache/33/4f/334fd0ebdf0c0192baf5914d199c53b5.jpg
A Flight of Arrows (The Pathfinders #2),£37.51,Four,https://books.toscrape.com/media/cache/7d/16/7d16c126f85826628bf9dcccd7a66b32.jpg
A Fierce and Subtle Poison,£11.45,Three,https://books.toscrape.com/media/cache/56/cb/56cb66d73fb438d64af14dce8bd8b22b.jpg
A Court of Thorns and Roses (A Court of Thorns and Roses #1),£19.22,Two,https://books.toscrape.com/media/cache/3a/4f/3a4fb30cfc5742f4726bc9f807b66cda.jpg
(Un)Qualified: How God Uses Broken People to Do Big Things,£56.91,Four,https://books.toscrape.com/media/cache/73/45/7345c412c4c821f131d3c159e027c3a0.jpg
You Are What You Love: The Spiritual Power of Habit,£55.06,Four,https://books.toscrape.com/media/cache/c7/7f/c77fdad22e40b8b923ec6c5b1f5a740f.jpg
"William Shakespeare's Star Wars: Verily, A New Hope (William Shakespeare's Star Wars #4)",£13.20,Three,https://books.toscrape.com/media/cache/56/31/56313728d302c83f2a8c70fba635ce33.jpg
Tuesday Nights in 1980,£53.63,Two,https://books.toscrape.com/media/cache/1d/1f/1d1fbd89f0290275b9166877663ee9f5.jpg
Tracing Numbers on a Train,£44.48,Five,https://books.toscrape.com/media/cache/11/af/11af7fbd6aec06a75fe207fae92b17e0.jpg
Throne of Glass (Throne of Glass #1),£12.08,Three,https://books.toscrape.com/media/cache/9e/15/9e15d7add5090ff2a17bd71ac96aa55a.jpg
Thomas Jefferson and the Tripoli Pirates: The Forgotten War That Changed American History,£22.14,Two,https://books.toscrape.com/media/cache/0c/07/0c07b114195b45c156f7f1e23820c49a.jpg
Thirteen Reasons Why,£25.37,Five,https://books.toscrape.com/media/cache/c7/ab/c7abb5e32bd37118a87523dcee0a70a6.jpg
The White Cat and the Monk: A Retelling of the Poem âPangur BÃ¡nâ,£46.33,Two,https://books.toscrape.com/media/cache/8b/10/8b102daec94d1ea9c6fc36dd3ec1c1fe.jpg
The Wedding Dress,£37.33,Three,https://books.toscrape.com/media/cache/98/c2/98c2e95c5fd1a4e7cd5f2b63c52826cb.jpg
The Vacationers,£25.55,One,https://books.toscrape.com/media/cache/4c/30/4c3041def6f29659e009f61e45e492b0.jpg
The Third Wave: An Entrepreneurâs Vision of the Future,£34.72,One,https://books.toscrape.com/media/cache/8e/43/8e4335b369bdad5ccc1551e5592f89ac.jpg
The Stranger,£35.96,Four,https://books.toscrape.com/media/cache/6c/18/6c18ea03e294bfcfe07cf531c6c5f5b3.jpg
The Shadow Hero (The Shadow Hero),£52.86,Two,https://books.toscrape.com/media/cache/58/6a/586afa8809f59bff51b89b2bc4a16129.jpg
The Secret (The Secret #1),£55.65,Five,https://books.toscrape.com/media/cache/89/10/8910c36eec96636288a9cfb61610c9fa.jpg
The Regional Office Is Under Attack!,£43.64,One,https://books.toscrape.com/media/cache/8a/0d/8a0d251ccece436f956df676c99e70f7.jpg
The Psychopath Test: A Journey Through the Madness Industry,£28.41,One,https://books.toscrape.com/media/cache/33/4f/334fd0ebdf0c0192baf5914d199c53b5.jpg
The Project,£37.51,Four,https://books.toscrape.com/media/cache/7d/16/7d16c126f85826628bf9dcccd7a66b32.jpg
The Power of Now: A Guide to Spiritual Enlightenment,£11.45,Three,https://books.toscrape.com/media/cache/56/cb/56cb66d73fb438d64af14dce8bd8b22b.jpg
The Omnivore's Dilemma: A Natural History of Four Meals,£19.22,Two,https://books.toscrape.com/media/cache/3a/4f/3a4fb30cfc5742f4726bc9f807b66cda.jpg
The Nerdy Nummies Cookbook: Sweet Treats for the Geek in All of Us,£56.91,Four,https://books.toscrape.com/media/cache/73/45/7345c412c4c821f131d3c159e027c3a0.jpg
The Murder of Roger Ackroyd (Hercule Poirot #4),£55.06,Four,https://books.toscrape.com/media/cache/c7/7f/c77fdad22e40b8b923ec6c5b1f5a740f.jpg
The Mistake (Off-Campus #2),£13.20,Three,https://books.toscrape.com/media/cache/56/31/56313728d302c83f2a8c70fba635ce33.jpg
The Matchmaker's Playbook (Wingmen Inc. #1),£53.63,Two,https://books.toscrape.com/media/cache/1d/1f/1d1fbd89f0290275b9166877663ee9f5.jpg
The Love and Lemons Cookbook: An Apple-to-Zucchini Celebration of Impromptu Cooking,£44.48,Five,https://books.toscrape.com/media/cache/11/af/11af7fbd6aec06a75fe207fae92b17e0.jpg
The Long Shadow of Small Ghosts: Murder and Memory in an American City,£12.08,Three,https://books.toscrape.com/media/cache/9e/15/9e15d7add5090ff2a17bd71ac96aa55a.jpg
The Kite Runner,£22.14,Two,https://books.toscrape.com/media/cache/0c/07/0c07b114195b45c156f7f1e23820c49a.jpg
The House by the Lake,£25.37,Five,https://books.toscrape.com/media/cache/c7/ab/c7abb5e32bd37118a87523dcee0a70a6.jpg
The Glittering Court (The Glittering Court #1),£46.33,Two,https://books.toscrape.com/media/cache/8b/10/8b102daec94d1ea9c6fc36dd3ec1c1fe.jpg
The Girl on the Train,£37.33,Three,https://books.toscrape.com/media/cache/98/c2/98c2e95c5fd1a4e7cd5f2b63c52826cb.jpg
The Genius of Birds,£25.55,One,https://books.toscrape.com/media/cache/4c/30/4c3041def6f29659e009f61e45e492b0.jpg
The Emerald Mystery,£34.72,One,https://books.toscrape.com/media/cache/8e/43/8e4335b369bdad5ccc1551e5592f89ac.jpg
The Cookies & Cups Cookbook: 125+ sweet & savory recipes reminding you to Always Eat Dessert First,£35.96,Four,https://books.toscrape.com/media/cache/6c/18/6c18ea03e294bfcfe07cf531c6c5f5b3.jpg
The Bridge to Consciousness: I'm Writing the Bridge Between Science and Our Old and New Beliefs.,£52.86,Two,https://books.toscrape.com/media/cache/58/6a/586afa8809f59bff51b89b2bc4a16129.jpg
The Artist's Way: A Spiritual Path to Higher Creativity,£55.65,Five,https://books.toscrape.com/media/cache/89/10/8910c36eec96636288a9cfb61610c9fa.jpg
The Art of War,£43.64,One,https://books.toscrape.com/media/cache/8a/0d/8a0d251ccece436f956df676c99e70f7.jpg
The Argonauts,£28.41,One,https://books.toscrape.com/media/cache/33/4f/334fd0ebdf0c0192baf5914d199c53b5.jpg
The 10% Entrepreneur: Live Your Startup Dream Without Quitting Your Day Job,£37.51,Four,https://books.toscrape.com/media/cache/7d/16/7d16c126f85826628bf9dcccd7a66b32.jpg
Suddenly in Love (Lake Haven #1),£11.45,Three,https://books.toscrape.com/media/cache/56/cb/56cb66d73fb438d64af14dce8bd8b22b.jpg
Something More Than This,£19.22,Two,https://books.toscrape.com/media/cache/3a/4f/3a4fb30cfc5742f4726bc9f807b66cda.jpg
Soft Apocalypse,£56.91,Four,https://books.toscrape.com/media/cache/73/45/7345c412c4c821f131d3c159e027c3a0.jpg
So You've Been Publicly Shamed,£55.06,Four,https://books.toscrape.com/media/cache/c7/7f/c77fdad22e40b8b923ec6c5b1f5a740f.jpg
Shoe Dog: A Memoir by the Creator of NIKE,£13.20,Three,https://books.toscrape.com/media/cache/56/31/56313728d302c83f2a8c70fba635ce33.jpg
"Shobu Samurai, Project Aryoku (#3)",£53.63,Two,https://books.toscrape.com/media/cache/1d/1f/1d1fbd89f0290275b9166877663ee9f5.jpg
Secrets and Lace (Fatal Hearts #1),£44.48,Five,https://books.toscrape.com/media/cache/11/af/11af7fbd6aec06a75fe207fae92b17e0.jpg
Scarlett Epstein Hates It Here,£12.08,Three,https://books.toscrape.com/media/cache/9e/15/9e15d7add5090ff2a17bd71ac96aa55a.jpg
Romero and Juliet: A Tragic Tale of Love and Zombies,£22.14,Two,https://books.toscrape.com/media/cache/0c/07/0c07b114195b45c156f7f1e23820c49a.jpg
Redeeming Love,£25.37,Five,https://books.toscrape.com/media/cache/c7/ab/c7abb5e32bd37118a87523dcee0a70a6.jpg
Poses for Artists Volume 1 - Dynamic and Sitting Poses: An Essential Reference for Figure Drawing and the Human Form,£46.33,Two,https://books.toscrape.com/media/cache/8b/10/8b102daec94d1ea9c6fc36dd3ec1c1fe.jpg
Poems That Make Grown Women Cry,£37.33,Three,https://books.toscrape.com/media/cache/98/c2/98c2e95c5fd1a4e7cd5f2b63c52826cb.jpg
"Nightingale, Sing",£25.55,One,https://books.toscrape.com/media/cache/4c/30/4c3041def6f29659e009f61e45e492b0.jpg
Night Sky with Exit Wounds,£34.72,One,https://books.toscrape.com/media/cache/8e/43/8e4335b369bdad5ccc1551e5592f89ac.jpg
Mrs. Houdini,£35.96,Four,https://books.toscrape.com/media/cache/6c/18/6c18ea03e294bfcfe07cf531c6c5f5b3.jpg
Modern Romance,£52.86,Two,https://books.toscrape.com/media/cache/58/6a/586afa8809f59bff51b89b2bc4a16129.jpg
Miss Peregrineâs Home for Peculiar Children (Miss Peregrineâs Peculiar Children #1),£55.65,Five,https://books.toscrape.com/media/cache/89/10/8910c36eec96636288a9cfb61610c9fa.jpg
Louisa: The Extraordinary Life of Mrs. Adams,£43.64,One,https://books.toscrape.com/media/cache/8a/0d/8a0d251ccece436f956df676c99e70f7.jpg
Little Red,£28.41,One,https://books.toscrape.com/media/cache/33/4f/334fd0ebdf0c0192baf5914d199c53b5.jpg
Library of Souls (Miss Peregrineâs Peculiar Children #3),£37.51,Four,https://books.toscrape.com/media/cache/7d/16/7d16c126f85826628bf9dcccd7a66b32.jpg
Large Print Heart of the Pride,£11.45,Three,https://books.toscrape.com/media/cache/56/cb/56cb66d73fb438d64af14dce8bd8b22b.jpg
I Had a Nice Time And Other Lies...: How to find love & sh*t like that,£19.22,Two,https://books.toscrape.com/media/cache/3a/4f/3a4fb30cfc5742f4726bc9f807b66cda.jpg
Hollow City (Miss Peregrineâs Peculiar Children #2),£56.91,Four,https://books.toscrape.com/media/cache/73/45/7345c412c4c821f131d3c159e027c3a0.jpg
Grumbles,£55.06,Four,https://books.toscrape.com/media/cache/c7/7f/c77fdad22e40b8b923ec6c5b1f5a740f.jpg
Full Moon over Noahâs Ark: An Odyssey to Mount Ararat and Beyond,£13.20,Three,https://books.toscrape.com/media/cache/56/31/56313728d302c83f2a8c70fba635ce33.jpg
Frostbite (Vampire Academy #2),£53.63,Two,https://books.toscrape.com/media/cache/1d/1f/1d1fbd89f0290275b9166877663ee9f5.jpg
Follow You Home,£44.48,Five,https://books.toscrape.com/media/cache/11/af/11af7fbd6aec06a75fe207fae92b17e0.jpg
First Steps for New Christians (Print Edition),£12.08,Three,https://books.toscrape.com/media/cache/9e/15/9e15d7add5090ff2a17bd71ac96aa55a.jpg
Finders Keepers (Bill Hodges Trilogy #2),£22.14,Two,https://books.toscrape.com/media/cache/0c/07/0c07b114195b45c156f7f1e23820c49a.jpg
"Fables, Vol. 1: Legends in Exile (Fables #1)",£25.37,Five,https://books.toscrape.com/media/cache/c7/ab/c7abb5e32bd37118a87523dcee0a70a6.jpg
Eureka Trivia 6.0,£46.33,Two,https://books.toscrape.com/media/cache/8b/10/8b102daec94d1ea9c6fc36dd3ec1c1fe.jpg
Drive: The Surprising Truth About What Motivates Us,£37.33,Three,https://books.toscrape.com/media/cache/98/c2/98c2e95c5fd1a4e7cd5f2b63c52826cb.jpg
Done Rubbed Out (Reightman & Bailey #1),£25.55,One,https://books.toscrape.com/media/cache/4c/30/4c3041def6f29659e009f61e45e492b0.jpg
Doing It Over (Most Likely To #1),£34.72,One,https://books.toscrape.com/media/cache/8e/43/8e4335b369bdad5ccc1551e5592f89ac.jpg
"Deliciously Ella Every Day: Quick and Easy Recipes for Gluten-Free Snacks, Packed Lunches, and Simple Meals",£35.96,Four,https://books.toscrape.com/media/cache/6c/18/6c18ea03e294bfcfe07cf531c6c5f5b3.jpg
Dark Notes,£52.86,Two,https://books.toscrape.com/media/cache/58/6a/586afa8809f59bff51b89b2bc4a16129.jpg
"Daring Greatly: How the Courage to Be Vulnerable Transforms the Way We Live, Love, Parent, and Lead",£55.65,Five,https://books.toscrape.com/media/cache/89/10/8910c36eec96636288a9cfb61610c9fa.jpg
Close to You,£43.64,One,https://books.toscrape.com/media/cache/8a/0d/8a0d251ccece436f956df676c99e70f7.jpg
Chasing Heaven: What Dying Taught Me About Living,£28.41,One,https://books.toscrape.com/media/cache/33/4f/334fd0ebdf0c0192baf5914d199c53b5.jpg
Big Magic: Creative Living Beyond Fear,£37.51,Four,https://books.toscrape.com/media/cache/7d/16/7d16c126f85826628bf9dcccd7a66b32.jpg
Becoming Wise: An Inquiry into the Mystery and Art of Living,£11.45,Three,https://books.toscrape.com/media/cache/56/cb/56cb66d73fb438d64af14dce8bd8b22b.jpg
Beauty Restored (Riley Family Legacy Novellas #3),£19.22,Two,https://books.toscrape.com/media/cache/3a/4f/3a4fb30cfc5742f4726bc9f807b66cda.jpg
Batman: The Long Halloween (Batman),£56.91,Four,https://books.toscrape.com/media/cache/73/45/7345c412c4c821f131d3c159e027c3a0.jpg
Batman: The Dark Knight Returns (Batman),£55.06,Four,https://books.toscrape.com/media/cache/c7/7f/c77fdad22e40b8b923ec6c5b1f5a740f.jpg
Ayumi's Violin,£13.20,Three,https://books.toscrape.com/media/cache/56/31/56313728d302c83f2a8c70fba635ce33.jpg
Anonymous,£53.63,Two,https://books.toscrape.com/media/cache/1d/1f/1d1fbd89f0290275b9166877663ee9f5.jpg
Amy Meets the Saints and Sages,£44.48,Five,https://books.toscrape.com/media/cache/11/af/11af7fbd6aec06a75fe207fae92b17e0.jpg
Amid the Chaos,£12.08,Three,https://books.toscrape.com/media/cache/9e/15/9e15d7add5090ff2a17bd71ac96aa55a.jpg
Amatus,£22.14,Two,https://books.toscrape.com/media/cache/0c/07/0c07b114195b45c156f7f1e23820c49a.jpg
Agnostic: A Spirited Manifesto,£25.37,Five,https://books.toscrape.com/media/cache/c7/ab/c7abb5e32bd37118a87523dcee0a70a6.jpg
Zealot: The Life and Times of Jesus of Nazareth,£46.33,Two,https://books.toscrape.com/media/cache/8b/10/8b102daec94d1ea9c6fc36dd3ec1c1fe.jpg
You (You #1),£37.33,Three,https://books.toscrape.com/media/cache/98/c2/98c2e95c5fd1a4e7cd5f2b63c52826cb.jpg
"Wonder Woman: Earth One, Volume One (Wonder Woman: Earth One #1)",£25.55,One,https://books.toscrape.com/media/cache/4c/30/4c3041def6f29659e009f61e45e492b0.jpg
Wild Swans,£34.72,One,https://books.toscrape.com/media/cache/8e/43/8e4335b369bdad5ccc1551e5592f89ac.jpg
Why the Right Went Wrong: Conservatism--From Goldwater to the Tea Party and Beyond,£35.96,Four,https://books.toscrape.com/media/cache/6c/18/6c18ea03e294bfcfe07cf531c6c5f5b3.jpg
Whole Lotta Creativity Going On: 60 Fun and Unusual Exercises to Awaken and Strengthen Your Creativity,£52.86,Two,https://books.toscrape.com/media/cache/58/6a/586afa8809f59bff51b89b2bc4a16129.jpg
What's It Like in Space?: Stories from Astronauts Who've Been There,£55.65,Five,https://books.toscrape.com/media/cache/89/10/8910c36eec96636288a9cfb61610c9fa.jpg
"We Are Robin, Vol. 1: The Vigilante Business (We Are Robin #1)",£43.64,One,https://books.toscrape.com/media/cache/8a/0d/8a0d251ccece436f956df676c99e70f7.jpg
Walt Disney's Alice in Wonderland,£28.41,One,https://books.toscrape.com/media/cache/33/4f/334fd0ebdf0c0192baf5914d199c53b5.jpg
V for Vendetta (V for Vendetta Complete),£37.51,Four,https://books.toscrape.com/media/cache/7d/16/7d16c126f85826628bf9dcccd7a66b32.jpg
Until Friday Night (The Field Party #1),£11.45,Three,https://books.toscrape.com/media/cache/56/cb/56cb66d73fb438d64af14dce8bd8b22b.jpg
"Unbroken: A World War II Story of Survival, Resilience, and Redemption",£19.22,Two,https://books.toscrape.com/media/cache/3a/4f/3a4fb30cfc5742f4726bc9f807b66cda.jpg
Twenty Yawns,£56.91,Four,https://books.toscrape.com/media/cache/73/45/7345c412c4c821f131d3c159e027c3a0.jpg
Through the Woods,£55.06,Four,https://books.toscrape.com/media/cache/c7/7f/c77fdad22e40b8b923ec6c5b1f5a740f.jpg
This Is Where It Ends,£13.20,Three,https://books.toscrape.com/media/cache/56/31/56313728d302c83f2a8c70fba635ce33.jpg
The Year of Magical Thinking,£53.63,Two,https://books.toscrape.com/media/cache/1d/1f/1d1fbd89f0290275b9166877663ee9f5.jpg
The Wright Brothers,£44.48,Five,https://books.toscrape.com/media/cache/11/af/11af7fbd6aec06a75fe207fae92b17e0.jpg
The White Queen (The Cousins' War #1),£12.08,Three,https://books.toscrape.com/media/cache/9e/15/9e15d7add5090ff2a17bd71ac96aa55a.jpg
The Wedding Pact (The O'Malleys #2),£22.14,Two,https://books.toscrape.com/media/cache/0c/07/0c07b114195b45c156f7f1e23820c49a.jpg
The Time Keeper,£25.37,Five,https://books.toscrape.com/media/cache/c7/ab/c7abb5e32bd37118a87523dcee0a70a6.jpg
The Testament of Mary,£46.33,Two,https://books.toscrape.com/media/cache/8b/10/8b102daec94d1ea9c6fc36dd3ec1c1fe.jpg
The Star-Touched Queen,£37.33,Three,https://books.toscrape.com/media/cache/98/c2/98c2e95c5fd1a4e7cd5f2b63c52826cb.jpg
The Songs of the Gods,£25.55,One,https://books.toscrape.com/media/cache/4c/30/4c3041def6f29659e009f61e45e492b0.jpg
The Song of Achilles,£34.72,One,https://books.toscrape.com/media/cache/8e/43/8e4335b369bdad5ccc1551e5592f89ac.jpg
The Rosie Project (Don Tillman #1),£35.96,Four,https://books.toscrape.com/media/cache/6c/18/6c18ea03e294bfcfe07cf531c6c5f5b3.jpg
The Power of Habit: Why We Do What We Do in Life and Business,£52.86,Two,https://books.toscrape.com/media/cache/58/6a/586afa8809f59bff51b89b2bc4a16129.jpg
The Marriage of Opposites,£55.65,Five,https://books.toscrape.com/media/cache/89/10/8910c36eec96636288a9cfb61610c9fa.jpg
The Lucifer Effect: Understanding How Good People Turn Evil,£43.64,One,https://books.toscrape.com/media/cache/8a/0d/8a0d251ccece436f956df676c99e70f7.jpg
The Long Haul (Diary of a Wimpy Kid #9),£28.41,One,https://books.toscrape.com/media/cache/33/4f/334fd0ebdf0c0192baf5914d199c53b5.jpg
The Loney,£37.51,Four,https://books.toscrape.com/media/cache/7d/16/7d16c126f85826628bf9dcccd7a66b32.jpg
The Literature Book (Big Ideas Simply Explained),£11.45,Three,https://books.toscrape.com/media/cache/56/cb/56cb66d73fb438d64af14dce8bd8b22b.jpg
The Last Mile (Amos Decker #2),£19.22,Two,https://books.toscrape.com/media/cache/3a/4f/3a4fb30cfc5742f4726bc9f807b66cda.jpg
The Immortal Life of Henrietta Lacks,£56.91,Four,https://books.toscrape.com/media/cache/73/45/7345c412c4c821f131d3c159e027c3a0.jpg
The Hidden Oracle (The Trials of Apollo #1),£55.06,Four,https://books.toscrape.com/media/cache/c7/7f/c77fdad22e40b8b923ec6c5b1f5a740f.jpg
The Help Yourself Cookbook for Kids: 60 Easy Plant-Based Recipes Kids Can Make to Stay Healthy and Save the Earth,£13.20,Three,https://books.toscrape.com/media/cache/56/31/56313728d302c83f2a8c70fba635ce33.jpg
The Guilty (Will Robie #4),£53.63,Two,https://books.toscrape.com/media/cache/1d/1f/1d1fbd89f0290275b9166877663ee9f5.jpg
The First Hostage (J.B. Collins #2),£44.48,Five,https://books.toscrape.com/media/cache/11/af/11af7fbd6aec06a75fe207fae92b17e0.jpg
The Dovekeepers,£12.08,Three,https://books.toscrape.com/media/cache/9e/15/9e15d7add5090ff2a17bd71ac96aa55a.jpg
The Darkest Lie,£22.14,Two,https://books.toscrape.com/media/cache/0c/07/0c07b114195b45c156f7f1e23820c49a.jpg
The Bane Chronicles (The Bane Chronicles #1-11),£25.37,Five,https://books.toscrape.com/media/cache/c7/ab/c7abb5e32bd37118a87523dcee0a70a6.jpg
The Bad-Ass Librarians of Timbuktu: And Their Race to Save the Worldâs Most Precious Manuscripts,£46.33,Two,https://books.toscrape.com/media/cache/8b/10/8b102daec94d1ea9c6fc36dd3ec1c1fe.jpg
The 14th Colony (Cotton Malone #11),£37.33,Three,https://books.toscrape.com/media/cache/98/c2/98c2e95c5fd1a4e7cd5f2b63c52826cb.jpg
That Darkness (Gardiner and Renner #1),£25.55,One,https://books.toscrape.com/media/cache/4c/30/4c3041def6f29659e009f61e45e492b0.jpg
Tastes Like Fear (DI Marnie Rome #3),£34.72,One,https://books.toscrape.com/media/cache/8e/43/8e4335b369bdad5ccc1551e5592f89ac.jpg
Take Me with You,£35.96,Four,https://books.toscrape.com/media/cache/6c/18/6c18ea03e294bfcfe07cf531c6c5f5b3.jpg
Swell: A Year of Waves,£52.86,Two,https://books.toscrape.com/media/cache/58/6a/586afa8809f59bff51b89b2bc4a16129.jpg
Superman Vol. 1: Before Truth (Superman by Gene Luen Yang #1),£55.65,Five,https://books.toscrape.com/media/cache/89/10/8910c36eec96636288a9cfb61610c9fa.jpg
Still Life with Bread Crumbs,£43.64,One,https://books.toscrape.com/media/cache/8a/0d/8a0d251ccece436f956df676c99e70f7.jpg
Steve Jobs,£28.41,One,https://books.toscrape.com/media/cache/33/4f/334fd0ebdf0c0192baf5914d199c53b5.jpg
Sorting the Beef from the Bull: The Science of Food Fraud Forensics,£37.51,Four,https://books.toscrape.com/media/cache/7d/16/7d16c126f85826628bf9dcccd7a66b32.jpg
Someone Like You (The Harrisons #2),£11.45,Three,https://books.toscrape.com/media/cache/56/cb/56cb66d73fb438d64af14dce8bd8b22b.jpg
"So Cute It Hurts!!, Vol. 6 (So Cute It Hurts!! #6)",£19.22,Two,https://books.toscrape.com/media/cache/3a/4f/3a4fb30cfc5742f4726bc9f807b66cda.jpg
Shtum,£56.91,Four,https://books.toscrape.com/media/cache/73/45/7345c412c4c821f131d3c159e027c3a0.jpg
See America: A Celebration of Our National Parks & Treasured Sites,£55.06,Four,https://books.toscrape.com/media/cache/c7/7f/c77fdad22e40b8b923ec6c5b1f5a740f.jpg
salt.,£13.20,Three,https://books.toscrape.com/media/cache/56/31/56313728d302c83f2a8c70fba635ce33.jpg
Robin War,£53.63,Two,https://books.toscrape.com/media/cache/1d/1f/1d1fbd89f0290275b9166877663ee9f5.jpg
"Red Hood/Arsenal, Vol. 1: Open for Business (Red Hood/Arsenal #1)",£44.48,Five,https://books.toscrape.com/media/cache/11/af/11af7fbd6aec06a75fe207fae92b17e0.jpg
Rain Fish,£12.08,Three,https://books.toscrape.com/media/cache/9e/15/9e15d7add5090ff2a17bd71ac96aa55a.jpg
"Quarter Life Poetry: Poems for the Young, Broke and Hangry",£22.14,Two,https://books.toscrape.com/media/cache/0c/07/0c07b114195b45c156f7f1e23820c49a.jpg
Pet Sematary,£25.37,Five,https://books.toscrape.com/media/cache/c7/ab/c7abb5e32bd37118a87523dcee0a70a6.jpg
"Overload: How to Unplug, Unwind, and Unleash Yourself from the Pressure of Stress",£46.33,Two,https://books.toscrape.com/media/cache/8b/10/8b102daec94d1ea9c6fc36dd3ec1c1fe.jpg
Once Was a Time,£37.33,Three,https://books.toscrape.com/media/cache/98/c2/98c2e95c5fd1a4e7cd5f2b63c52826cb.jpg
Old School (Diary of a Wimpy Kid #10),£25.55,One,https://books.toscrape.com/media/cache/4c/30/4c3041def6f29659e009f61e45e492b0.jpg
No Dream Is Too High: Life Lessons From a Man Who Walked on the Moon,£34.72,One,https://books.toscrape.com/media/cache/8e/43/8e4335b369bdad5ccc1551e5592f89ac.jpg
"Naruto (3-in-1 Edition), Vol. 14: Includes Vols. 40, 41 & 42 (Naruto: Omnibus #14)",£35.96,Four,https://books.toscrape.com/media/cache/6c/18/6c18ea03e294bfcfe07cf531c6c5f5b3.jpg
My Name Is Lucy Barton,£52.86,Two,https://books.toscrape.com/media/cache/58/6a/586afa8809f59bff51b89b2bc4a16129.jpg
My Mrs. Brown,£55.65,Five,https://books.toscrape.com/media/cache/89/10/8910c36eec96636288a9cfb61610c9fa.jpg
My Kind of Crazy,£43.64,One,https://books.toscrape.com/media/cache/8a/0d/8a0d251ccece436f956df676c99e70f7.jpg
Mr. Mercedes (Bill Hodges Trilogy #1),£28.41,One,https://books.toscrape.com/media/cache/33/4f/334fd0ebdf0c0192baf5914d199c53b5.jpg
More Than Music (Chasing the Dream #1),£37.51,Four,https://books.toscrape.com/media/cache/7d/16/7d16c126f85826628bf9dcccd7a66b32.jpg
Made to Stick: Why Some Ideas Survive and Others Die,£11.45,Three,https://books.toscrape.com/media/cache/56/cb/56cb66d73fb438d64af14dce8bd8b22b.jpg
Luis Paints the World,£19.22,Two,https://books.toscrape.com/media/cache/3a/4f/3a4fb30cfc5742f4726bc9f807b66cda.jpg
Luckiest Girl Alive,£56.91,Four,https://books.toscrape.com/media/cache/73/45/7345c412c4c821f131d3c159e027c3a0.jpg
Lowriders to the Center of the Earth (Lowriders in Space #2),£55.06,Four,https://books.toscrape.com/media/cache/c7/7f/c77fdad22e40b8b923ec6c5b1f5a740f.jpg
Love Is a Mix Tape (Music #1),£13.20,Three,https://books.toscrape.com/media/cache/56/31/56313728d302c83f2a8c70fba635ce33.jpg
Looking for Lovely: Collecting the Moments that Matter,£53.63,Two,https://books.toscrape.com/media/cache/1d/1f/1d1fbd89f0290275b9166877663ee9f5.jpg
"Living Leadership by Insight: A Good Leader Achieves, a Great Leader Builds Monuments",£44.48,Five,https://books.toscrape.com/media/cache/11/af/11af7fbd6aec06a75fe207fae92b17e0.jpg
Let It Out: A Journey Through Journaling,£12.08,Three,https://books.toscrape.com/media/cache/9e/15/9e15d7add5090ff2a17bd71ac96aa55a.jpg
Lady Midnight (The Dark Artifices #1),£22.14,Two,https://books.toscrape.com/media/cache/0c/07/0c07b114195b45c156f7f1e23820c49a.jpg
"It's All Easy: Healthy, Delicious Weeknight Meals in under 30 Minutes",£25.37,Five,https://books.toscrape.com/media/cache/c7/ab/c7abb5e32bd37118a87523dcee0a70a6.jpg
Island of Dragons (Unwanteds #7),£46.33,Two,https://books.toscrape.com/media/cache/8b/10/8b102daec94d1ea9c6fc36dd3ec1c1fe.jpg
I Know What I'm Doing -- and Other Lies I Tell Myself: Dispatches from a Life Under Construction,£37.33,Three,https://books.toscrape.com/media/cache/98/c2/98c2e95c5fd1a4e7cd5f2b63c52826cb.jpg
I Am Pilgrim (Pilgrim #1),£25.55,One,https://books.toscrape.com/media/cache/4c/30/4c3041def6f29659e009f61e45e492b0.jpg
"Hyperbole and a Half: Unfortunate Situations, Flawed Coping Mechanisms, Mayhem, and Other Things That Happened",£34.72,One,https://books.toscrape.com/media/cache/8e/43/8e4335b369bdad5ccc1551e5592f89ac.jpg
"Hush, Hush (Hush, Hush #1)",£35.96,Four,https://books.toscrape.com/media/cache/6c/18/6c18ea03e294bfcfe07cf531c6c5f5b3.jpg
Hold Your Breath (Search and Rescue #1),£52.86,Two,https://books.toscrape.com/media/cache/58/6a/586afa8809f59bff51b89b2bc4a16129.jpg
Hamilton: The Revolution,£55.65,Five,https://books.toscrape.com/media/cache/89/10/8910c36eec96636288a9cfb61610c9fa.jpg
Greek Mythic History,£43.64,One,https://books.toscrape.com/media/cache/8a/0d/8a0d251ccece436f956df676c99e70f7.jpg
God: The Most Unpleasant Character in All Fiction,£28.41,One,https://books.toscrape.com/media/cache/33/4f/334fd0ebdf0c0192baf5914d199c53b5.jpg
Glory over Everything: Beyond The Kitchen House,£37.51,Four,https://books.toscrape.com/media/cache/7d/16/7d16c126f85826628bf9dcccd7a66b32.jpg
Feathers: Displays of Brilliant Plumage,£11.45,Three,https://books.toscrape.com/media/cache/56/cb/56cb66d73fb438d64af14dce8bd8b22b.jpg
"Far & Away: Places on the Brink of Change: Seven Continents, Twenty-Five Years",£19.22,Two,https://books.toscrape.com/media/cache/3a/4f/3a4fb30cfc5742f4726bc9f807b66cda.jpg
Every Last Word,£56.91,Four,https://books.toscrape.com/media/cache/73/45/7345c412c4c821f131d3c159e027c3a0.jpg
Eligible (The Austen Project #4),£55.06,Four,https://books.toscrape.com/media/cache/c7/7f/c77fdad22e40b8b923ec6c5b1f5a740f.jpg
El Deafo,£13.20,Three,https://books.toscrape.com/media/cache/56/31/56313728d302c83f2a8c70fba635ce33.jpg
Eight Hundred Grapes,£53.63,Two,https://books.toscrape.com/media/cache/1d/1f/1d1fbd89f0290275b9166877663ee9f5.jpg
"Eaternity: More than 150 Deliciously Easy Vegan Recipes for a Long, Healthy, Satisfied, Joyful Life",£44.48,Five,https://books.toscrape.com/media/cache/11/af/11af7fbd6aec06a75fe207fae92b17e0.jpg
"Eat Fat, Get Thin",£12.08,Three,https://books.toscrape.com/media/cache/9e/15/9e15d7add5090ff2a17bd71ac96aa55a.jpg
Don't Get Caught,£22.14,Two,https://books.toscrape.com/media/cache/0c/07/0c07b114195b45c156f7f1e23820c49a.jpg
Doctor Sleep (The Shining #2),£25.37,Five,https://books.toscrape.com/media/cache/c7/ab/c7abb5e32bd37118a87523dcee0a70a6.jpg
Demigods & Magicians: Percy and Annabeth Meet the Kanes (Percy Jackson & Kane Chronicles Crossover #1-3),£46.33,Two,https://books.toscrape.com/media/cache/8b/10/8b102daec94d1ea9c6fc36dd3ec1c1fe.jpg
Dear Mr. Knightley,£37.33,Three,https://books.toscrape.com/media/cache/98/c2/98c2e95c5fd1a4e7cd5f2b63c52826cb.jpg
Daily Fantasy Sports,£25.55,One,https://books.toscrape.com/media/cache/4c/30/4c3041def6f29659e009f61e45e492b0.jpg
Crazy Love: Overwhelmed by a Relentless God,£34.72,One,https://books.toscrape.com/media/cache/8e/43/8e4335b369bdad5ccc1551e5592f89ac.jpg
Cometh the Hour (The Clifton Chronicles #6),£35.96,Four,https://books.toscrape.com/media/cache/6c/18/6c18ea03e294bfcfe07cf531c6c5f5b3.jpg
Code Name Verity (Code Name Verity #1),£52.86,Two,https://books.toscrape.com/media/cache/58/6a/586afa8809f59bff51b89b2bc4a16129.jpg
Clockwork Angel (The Infernal Devices #1),£55.65,Five,https://books.toscrape.com/media/cache/89/10/8910c36eec96636288a9cfb61610c9fa.jpg
City of Glass (The Mortal Instruments #3),£43.64,One,https://books.toscrape.com/media/cache/8a/0d/8a0d251ccece436f956df676c99e70f7.jpg
City of Fallen Angels (The Mortal Instruments #4),£28.41,One,https://books.toscrape.com/media/cache/33/4f/334fd0ebdf0c0192baf5914d199c53b5.jpg
City of Bones (The Mortal Instruments #1),£37.51,Four,https://books.toscrape.com/media/cache/7d/16/7d16c126f85826628bf9dcccd7a66b32.jpg
City of Ashes (The Mortal Instruments #2),£11.45,Three,https://books.toscrape.com/media/cache/56/cb/56cb66d73fb438d64af14dce8bd8b22b.jpg
Cell,£19.22,Two,https://books.toscrape.com/media/cache/3a/4f/3a4fb30cfc5742f4726bc9f807b66cda.jpg
Catching Jordan (Hundred Oaks),£56.91,Four,https://books.toscrape.com/media/cache/73/45/7345c412c4c821f131d3c159e027c3a0.jpg
"Carry On, Warrior: Thoughts on Life Unarmed",£55.06,Four,https://books.toscrape.com/media/cache/c7/7f/c77fdad22e40b8b923ec6c5b1f5a740f.jpg
Carrie,£13.20,Three,https://books.toscrape.com/media/cache/56/31/56313728d302c83f2a8c70fba635ce33.jpg
Buying In: The Secret Dialogue Between What We Buy and Who We Are,£53.63,Two,https://books.toscrape.com/media/cache/1d/1f/1d1fbd89f0290275b9166877663ee9f5.jpg
Brain on Fire: My Month of Madness,£44.48,Five,https://books.toscrape.com/media/cache/11/af/11af7fbd6aec06a75fe207fae92b17e0.jpg
Batman: Europa,£12.08,Three,https://books.toscrape.com/media/cache/9e/15/9e15d7add5090ff2a17bd71ac96aa55a.jpg
Barefoot Contessa Back to Basics,£22.14,Two,https://books.toscrape.com/media/cache/0c/07/0c07b114195b45c156f7f1e23820c49a.jpg
Barefoot Contessa at Home: Everyday Recipes You'll Make Over and Over Again,£25.37,Five,https://books.toscrape.com/media/cache/c7/ab/c7abb5e32bd37118a87523dcee0a70a6.jpg
Balloon Animals,£46.33,Two,https://books.toscrape.com/media/cache/8b/10/8b102daec94d1ea9c6fc36dd3ec1c1fe.jpg
Art Ops Vol. 1,£37.33,Three,https://books.toscrape.com/media/cache/98/c2/98c2e95c5fd1a4e7cd5f2b63c52826cb.jpg
Aristotle and Dante Discover the Secrets of the Universe (Aristotle and Dante Discover the Secrets of the Universe #1),£25.55,One,https://books.toscrape.com/media/cache/4c/30/4c3041def6f29659e009f61e45e492b0.jpg
Angels Walking (Angels Walking #1),£34.72,One,https://books.toscrape.com/media/cache/8e/43/8e4335b369bdad5ccc1551e5592f89ac.jpg
Angels & Demons (Robert Langdon #1),£35.96,Four,https://books.toscrape.com/media/cache/6c/18/6c18ea03e294bfcfe07cf531c6c5f5b3.jpg
All the Light We Cannot See,£52.86,Two,https://books.toscrape.com/media/cache/58/6a/586afa8809f59bff51b89b2bc4a16129.jpg
"Adulthood Is a Myth: A ""Sarah's Scribbles"" Collection",£55.65,Five,https://books.toscrape.com/media/cache/89/10/8910c36eec96636288a9cfb61610c9fa.jpg
Abstract City,£43.64,One,https://books.toscrape.com/media/cache/8a/0d/8a0d251ccece436f956df676c99e70f7.jpg
A Time of Torment (Charlie Parker #14),£28.41,One,https://books.toscrape.com/media/cache/33/4f/334fd0ebdf0c0192baf5914d199c53b5.jpg
A Study in Scarlet (Sherlock Holmes #1),£37.51,Four,https://books.toscrape.com/media/cache/7d/16/7d16c126f85826628bf9dcccd7a66b32.jpg
"A Series of Catastrophes and Miracles: A True Story of Love, Science, and Cancer",£11.45,Three,https://books.toscrape.com/media/cache/56/cb/56cb66d73fb438d64af14dce8bd8b22b.jpg
A People's History of the United States,£19.22,Two,https://books.toscrape.com/media/cache/3a/4f/3a4fb30cfc5742f4726bc9f807b66cda.jpg
A Man Called Ove,£56.91,Four,https://books.toscrape.com/media/cache/73/45/7345c412c4c821f131d3c159e027c3a0.jpg
A Distant Mirror: The Calamitous 14th Century,£55.06,Four,https://books.toscrape.com/media/cache/c7/7f/c77fdad22e40b8b923ec6c5b1f5a740f.jpg
A Brush of Wings (Angels Walking #3),£13.20,Three,https://books.toscrape.com/media/cache/56/31/56313728d302c83f2a8c70fba635ce33.jpg
1491: New Revelations of the Americas Before Columbus,£53.63,Two,https://books.toscrape.com/media/cache/1d/1f/1d1fbd89f0290275b9166877663ee9f5.jpg
"The Three Searches, Meaning, and the Story",£44.48,Five,https://books.toscrape.com/media/cache/11/af/11af7fbd6aec06a75fe207fae92b17e0.jpg
Searching for Meaning in Gailana,£12.08,Three,https://books.toscrape.com/media/cache/9e/15/9e15d7add5090ff2a17bd71ac96aa55a.jpg
Rook,£22.14,Two,https://books.toscrape.com/media/cache/0c/07/0c07b114195b45c156f7f1e23820c49a.jpg
My Kitchen Year: 136 Recipes That Saved My Life,£25.37,Five,https://books.toscrape.com/media/cache/c7/ab/c7abb5e32bd37118a87523dcee0a70a6.jpg
13 Hours: The Inside Account of What Really Happened In Benghazi,£46.33,Two,https://books.toscrape.com/media/cache/8b/10/8b102daec94d1ea9c6fc36dd3ec1c1fe.jpg
Will You Won't You Want Me?,£37.33,Three,https://books.toscrape.com/media/cache/98/c2/98c2e95c5fd1a4e7cd5f2b63c52826cb.jpg
Tipping Point for Planet Earth: How Close Are We to the Edge?,£25.55,One,https://books.toscrape.com/media/cache/4c/30/4c3041def6f29659e009f61e45e492b0.jpg
The Star-Touched Queen,£34.72,One,https://books.toscrape.com/media/cache/8e/43/8e4335b369bdad5ccc1551e5592f89ac.jpg
The Silent Sister (Riley MacPherson #1),£35.96,Four,https://books.toscrape.com/media/cache/6c/18/6c18ea03e294bfcfe07cf531c6c5f5b3.jpg
The Midnight Watch: A Novel of the Titanic and the Californian,£52.86,Two,https://books.toscrape.com/media/cache/58/6a/586afa8809f59bff51b89b2bc4a16129.jpg
The Lonely City: Adventures in the Art of Being Alone,£55.65,Five,https://books.toscrape.com/media/cache/89/10/8910c36eec96636288a9cfb61610c9fa.jpg
The Gray Rhino: How to Recognize and Act on the Obvious Dangers We Ignore,£43.64,One,https://books.toscrape.com/media/cache/8a/0d/8a0d251ccece436f956df676c99e70f7.jpg
The Golden Condom: And Other Essays on Love Lost and Found,£28.41,One,https://books.toscrape.com/media/cache/33/4f/334fd0ebdf0c0192baf5914d199c53b5.jpg
The Epidemic (The Program 0.6),£37.51,Four,https://books.toscrape.com/media/cache/7d/16/7d16c126f85826628bf9dcccd7a66b32.jpg
The Dinner Party,£11.45,Three,https://books.toscrape.com/media/cache/56/cb/56cb66d73fb438d64af14dce8bd8b22b.jpg
The Diary of a Young Girl,£19.22,Two,https://books.toscrape.com/media/cache/3a/4f/3a4fb30cfc5742f4726bc9f807b66cda.jpg
The Children,£56.91,Four,https://books.toscrape.com/media/cache/73/45/7345c412c4c821f131d3c159e027c3a0.jpg
Stars Above (The Lunar Chronicles #4.5),£55.06,Four,https://books.toscrape.com/media/cache/c7/7f/c77fdad22e40b8b923ec6c5b1f5a740f.jpg
Snatched: How A Drug Queen Went Undercover for the DEA and Was Kidnapped By Colombian Guerillas,£13.20,Three,https://books.toscrape.com/media/cache/56/31/56313728d302c83f2a8c70fba635ce33.jpg
Raspberry Pi Electronics Projects for the Evil Genius,£53.63,Two,https://books.toscrape.com/media/cache/1d/1f/1d1fbd89f0290275b9166877663ee9f5.jpg
Quench Your Own Thirst: Business Lessons Learned Over a Beer or Two,£44.48,Five,https://books.toscrape.com/media/cache/11/af/11af7fbd6aec06a75fe207fae92b17e0.jpg
Psycho: Sanitarium (Psycho #1.5),£12.08,Three,https://books.toscrape.com/media/cache/9e/15/9e15d7add5090ff2a17bd71ac96aa55a.jpg
Poisonous (Max Revere Novels #3),£22.14,Two,https://books.toscrape.com/media/cache/0c/07/0c07b114195b45c156f7f1e23820c49a.jpg
One with You (Crossfire #5),£25.37,Five,https://books.toscrape.com/media/cache/c7/ab/c7abb5e32bd37118a87523dcee0a70a6.jpg
No Love Allowed (Dodge Cove #1),£46.33,Two,https://books.toscrape.com/media/cache/8b/10/8b102daec94d1ea9c6fc36dd3ec1c1fe.jpg
Murder at the 42nd Street Library (Raymond Ambler #1),£37.33,Three,https://books.toscrape.com/media/cache/98/c2/98c2e95c5fd1a4e7cd5f2b63c52826cb.jpg
Most Wanted,£25.55,One,https://books.toscrape.com/media/cache/4c/30/4c3041def6f29659e009f61e45e492b0.jpg
"Love, Lies and Spies",£34.72,One,https://books.toscrape.com/media/cache/8e/43/8e4335b369bdad5ccc1551e5592f89ac.jpg
How to Speak Golf: An Illustrated Guide to Links Lingo,£35.96,Four,https://books.toscrape.com/media/cache/6c/18/6c18ea03e294bfcfe07cf531c6c5f5b3.jpg
Hide Away (Eve Duncan #20),£52.86,Two,https://books.toscrape.com/media/cache/58/6a/586afa8809f59bff51b89b2bc4a16129.jpg
Furiously Happy: A Funny Book About Horrible Things,£55.65,Five,https://books.toscrape.com/media/cache/89/10/8910c36eec96636288a9cfb61610c9fa.jpg
Everyday Italian: 125 Simple and Delicious Recipes,£43.64,One,https://books.toscrape.com/media/cache/8a/0d/8a0d251ccece436f956df676c99e70f7.jpg
Equal Is Unfair: America's Misguided Fight Against Income Inequality,£28.41,One,https://books.toscrape.com/media/cache/33/4f/334fd0ebdf0c0192baf5914d199c53b5.jpg
Eleanor & Park,£37.51,Four,https://books.toscrape.com/media/cache/7d/16/7d16c126f85826628bf9dcccd7a66b32.jpg
Dirty (Dive Bar #1),£11.45,Three,https://books.toscrape.com/media/cache/56/cb/56cb66d73fb438d64af14dce8bd8b22b.jpg
Can You Keep a Secret? (Fear Street Relaunch #4),£19.22,Two,https://books.toscrape.com/media/cache/3a/4f/3a4fb30cfc5742f4726bc9f807b66cda.jpg
Boar Island (Anna Pigeon #19),£56.91,Four,https://books.toscrape.com/media/cache/73/45/7345c412c4c821f131d3c159e027c3a0.jpg
A Paris Apartment,£55.06,Four,https://books.toscrape.com/media/cache/c7/7f/c77fdad22e40b8b923ec6c5b1f5a740f.jpg
"A la Mode: 120 Recipes in 60 Pairings: Pies, Tarts, Cakes, Crisps, and More Topped with Ice Cream, Gelato, Frozen Custard, and More",£13.20,Three,https://books.toscrape.com/media/cache/56/31/56313728d302c83f2a8c70fba635ce33.jpg
Troublemaker: Surviving Hollywood and Scientology,£53.63,Two,https://books.toscrape.com/media/cache/1d/1f/1d1fbd89f0290275b9166877663ee9f5.jpg
The Widow,£44.48,Five,https://books.toscrape.com/media/cache/11/af/11af7fbd6aec06a75fe207fae92b17e0.jpg
"The Sleep Revolution: Transforming Your Life, One Night at a Time",£12.08,Three,https://books.toscrape.com/media/cache/9e/15/9e15d7add5090ff2a17bd71ac96aa55a.jpg
The Improbability of Love,£22.14,Two,https://books.toscrape.com/media/cache/0c/07/0c07b114195b45c156f7f1e23820c49a.jpg
The Art of Startup Fundraising,£25.37,Five,https://books.toscrape.com/media/cache/c7/ab/c7abb5e32bd37118a87523dcee0a70a6.jpg
Take Me Home Tonight (Rock Star Romance #3),£46.33,Two,https://books.toscrape.com/media/cache/8b/10/8b102daec94d1ea9c6fc36dd3ec1c1fe.jpg
Sleeping Giants (Themis Files #1),£37.33,Three,https://books.toscrape.com/media/cache/98/c2/98c2e95c5fd1a4e7cd5f2b63c52826cb.jpg
"Setting the World on Fire: The Brief, Astonishing Life of St. Catherine of Siena",£25.55,One,https://books.toscrape.com/media/cache/4c/30/4c3041def6f29659e009f61e45e492b0.jpg
Playing with Fire,£34.72,One,https://books.toscrape.com/media/cache/8e/43/8e4335b369bdad5ccc1551e5592f89ac.jpg
Off the Hook (Fishing for Trouble #1),£35.96,Four,https://books.toscrape.com/media/cache/6c/18/6c18ea03e294bfcfe07cf531c6c5f5b3.jpg
Mothering Sunday,£52.86,Two,https://books.toscrape.com/media/cache/58/6a/586afa8809f59bff51b89b2bc4a16129.jpg
"Mother, Can You Not?",£55.65,Five,https://books.toscrape.com/media/cache/89/10/8910c36eec96636288a9cfb61610c9fa.jpg
M Train,£43.64,One,https://books.toscrape.com/media/cache/8a/0d/8a0d251ccece436f956df676c99e70f7.jpg
Lilac Girls,£28.41,One,https://books.toscrape.com/media/cache/33/4f/334fd0ebdf0c0192baf5914d199c53b5.jpg
Lies and Other Acts of Love,£37.51,Four,https://books.toscrape.com/media/cache/7d/16/7d16c126f85826628bf9dcccd7a66b32.jpg
Lab Girl,£11.45,Three,https://books.toscrape.com/media/cache/56/cb/56cb66d73fb438d64af14dce8bd8b22b.jpg
Keep Me Posted,£19.22,Two,https://books.toscrape.com/media/cache/3a/4f/3a4fb30cfc5742f4726bc9f807b66cda.jpg
It Didn't Start with You: How Inherited Family Trauma Shapes Who We Are and How to End the Cycle,£56.91,Four,https://books.toscrape.com/media/cache/73/45/7345c412c4c821f131d3c159e027c3a0.jpg
Grey (Fifty Shades #4),£55.06,Four,https://books.toscrape.com/media/cache/c7/7f/c77fdad22e40b8b923ec6c5b1f5a740f.jpg
"Exit, Pursued by a Bear",£13.20,Three,https://books.toscrape.com/media/cache/56/31/56313728d302c83f2a8c70fba635ce33.jpg
Daredevils,£53.63,Two,https://books.toscrape.com/media/cache/1d/1f/1d1fbd89f0290275b9166877663ee9f5.jpg
Cravings: Recipes for What You Want to Eat,£44.48,Five,https://books.toscrape.com/media/cache/11/af/11af7fbd6aec06a75fe207fae92b17e0.jpg
Born for This: How to Find the Work You Were Meant to Do,£12.08,Three,https://books.toscrape.com/media/cache/9e/15/9e15d7add5090ff2a17bd71ac96aa55a.jpg
Arena,£22.14,Two,https://books.toscrape.com/media/cache/0c/07/0c07b114195b45c156f7f1e23820c49a.jpg
Adultery,£25.37,Five,https://books.toscrape.com/media/cache/c7/ab/c7abb5e32bd37118a87523dcee0a70a6.jpg
A Mother's Reckoning: Living in the Aftermath of Tragedy,£46.33,Two,https://books.toscrape.com/media/cache/8b/10/8b102daec94d1ea9c6fc36dd3ec1c1fe.jpg
A Gentleman's Position (Society of Gentlemen #3),£37.33,Three,https://books.toscrape.com/media/cache/98/c2/98c2e95c5fd1a4e7cd5f2b63c52826cb.jpg
11/22/63,£25.55,One,https://books.toscrape.com/media/cache/4c/30/4c3041def6f29659e009f61e45e492b0.jpg
"10% Happier: How I Tamed the Voice in My Head, Reduced Stress Without Losing My Edge, and Found Self-Help That Actually Works",£34.72,One,https://books.toscrape.com/media/cache/8e/43/8e4335b369bdad5ccc1551e5592f89ac.jpg
10-Day Green Smoothie Cleanse: Lose Up to 15 Pounds in 10 Days!,£35.96,Four,https://books.toscrape.com/media/cache/6c/18/6c18ea03e294bfcfe07cf531c6c5f5b3.jpg
Without Shame,£52.86,Two,https://books.toscrape.com/media/cache/58/6a/586afa8809f59bff51b89b2bc4a16129.jpg
Watchmen,£55.65,Five,https://books.toscrape.com/media/cache/89/10/8910c36eec96636288a9cfb61610c9fa.jpg
Unlimited Intuition Now,£43.64,One,https://books.toscrape.com/media/cache/8a/0d/8a0d251ccece436f956df676c99e70f7.jpg
Underlying Notes,£28.41,One,https://books.toscrape.com/media/cache/33/4f/334fd0ebdf0c0192baf5914d199c53b5.jpg
The Shack,£37.51,Four,https://books.toscrape.com/media/cache/7d/16/7d16c126f85826628bf9dcccd7a66b32.jpg
The New Brand You: Your New Image Makes the Sale for You,£11.45,Three,https://books.toscrape.com/media/cache/56/cb/56cb66d73fb438d64af14dce8bd8b22b.jpg
"The Moosewood Cookbook: Recipes from Moosewood Restaurant, Ithaca, New York",£19.22,Two,https://books.toscrape.com/media/cache/3a/4f/3a4fb30cfc5742f4726bc9f807b66cda.jpg
The Flowers Lied,£56.91,Four,https://books.toscrape.com/media/cache/73/45/7345c412c4c821f131d3c159e027c3a0.jpg
"The Fabric of the Cosmos: Space, Time, and the Texture of Reality",£55.06,Four,https://books.toscrape.com/media/cache/c7/7f/c77fdad22e40b8b923ec6c5b1f5a740f.jpg
The Book of Mormon,£13.20,Three,https://books.toscrape.com/media/cache/56/31/56313728d302c83f2a8c70fba635ce33.jpg
The Art and Science of Low Carbohydrate Living,£53.63,Two,https://books.toscrape.com/media/cache/1d/1f/1d1fbd89f0290275b9166877663ee9f5.jpg
The Alien Club,£44.48,Five,https://books.toscrape.com/media/cache/11/af/11af7fbd6aec06a75fe207fae92b17e0.jpg
Suzie Snowflake: One beautiful flake (a self-esteem story),£12.08,Three,https://books.toscrape.com/media/cache/9e/15/9e15d7add5090ff2a17bd71ac96aa55a.jpg
Nap-a-Roo,£22.14,Two,https://books.toscrape.com/media/cache/0c/07/0c07b114195b45c156f7f1e23820c49a.jpg
"NaNo What Now? Finding your editing process, revising your NaNoWriMo book and building a writing career through publishing and beyond",£25.37,Five,https://books.toscrape.com/media/cache/c7/ab/c7abb5e32bd37118a87523dcee0a70a6.jpg
Modern Day Fables,£46.33,Two,https://books.toscrape.com/media/cache/8b/10/8b102daec94d1ea9c6fc36dd3ec1c1fe.jpg
If I Gave You God's Phone Number....: Searching for Spirituality in America,£37.33,Three,https://books.toscrape.com/media/cache/98/c2/98c2e95c5fd1a4e7cd5f2b63c52826cb.jpg
"Fruits Basket, Vol. 9 (Fruits Basket #9)",£25.55,One,https://books.toscrape.com/media/cache/4c/30/4c3041def6f29659e009f61e45e492b0.jpg
Dress Your Family in Corduroy and Denim,£34.72,One,https://books.toscrape.com/media/cache/8e/43/8e4335b369bdad5ccc1551e5592f89ac.jpg
Don't Forget Steven,£35.96,Four,https://books.toscrape.com/media/cache/6c/18/6c18ea03e294bfcfe07cf531c6c5f5b3.jpg
Chernobyl 01:23:40: The Incredible True Story of the World's Worst Nuclear Disaster,£52.86,Two,https://books.toscrape.com/media/cache/58/6a/586afa8809f59bff51b89b2bc4a16129.jpg
Art and Fear: Observations on the Perils (and Rewards) of Artmaking,£55.65,Five,https://books.toscrape.com/media/cache/89/10/8910c36eec96636288a9cfb61610c9fa.jpg
A Shard of Ice (The Black Symphony Saga #1),£43.64,One,https://books.toscrape.com/media/cache/8a/0d/8a0d251ccece436f956df676c99e70f7.jpg
A Hero's Curse (The Unseen Chronicles #1),£28.41,One,https://books.toscrape.com/media/cache/33/4f/334fd0ebdf0c0192baf5914d199c53b5.jpg
23 Degrees South: A Tropical Tale of Changing Whether...,£37.51,Four,https://books.toscrape.com/media/cache/7d/16/7d16c126f85826628bf9dcccd7a66b32.jpg
"Zero to One: Notes on Startups, or How to Build the Future",£11.45,Three,https://books.toscrape.com/media/cache/56/cb/56cb66d73fb438d64af14dce8bd8b22b.jpg
Why Not Me?,£19.22,Two,https://books.toscrape.com/media/cache/3a/4f/3a4fb30cfc5742f4726bc9f807b66cda.jpg
When Breath Becomes Air,£56.91,Four,https://books.toscrape.com/media/cache/73/45/7345c412c4c821f131d3c159e027c3a0.jpg
Vagabonding: An Uncommon Guide to the Art of Long-Term World Travel,£55.06,Four,https://books.toscrape.com/media/cache/c7/7f/c77fdad22e40b8b923ec6c5b1f5a740f.jpg
The Unlikely Pilgrimage of Harold Fry (Harold Fry #1),£13.20,Three,https://books.toscrape.com/media/cache/56/31/56313728d302c83f2a8c70fba635ce33.jpg
The New Drawing on the Right Side of the Brain,£53.63,Two,https://books.toscrape.com/media/cache/1d/1f/1d1fbd89f0290275b9166877663ee9f5.jpg
"The Midnight Assassin: Panic, Scandal, and the Hunt for America's First Serial Killer",£44.48,Five,https://books.toscrape.com/media/cache/11/af/11af7fbd6aec06a75fe207fae92b17e0.jpg
The Martian (The Martian #1),£12.08,Three,https://books.toscrape.com/media/cache/9e/15/9e15d7add5090ff2a17bd71ac96aa55a.jpg
The High Mountains of Portugal,£22.14,Two,https://books.toscrape.com/media/cache/0c/07/0c07b114195b45c156f7f1e23820c49a.jpg
The Grownup,£25.37,Five,https://books.toscrape.com/media/cache/c7/ab/c7abb5e32bd37118a87523dcee0a70a6.jpg
The E-Myth Revisited: Why Most Small Businesses Don't Work and What to Do About It,£46.33,Two,https://books.toscrape.com/media/cache/8b/10/8b102daec94d1ea9c6fc36dd3ec1c1fe.jpg
South of Sunshine,£37.33,Three,https://books.toscrape.com/media/cache/98/c2/98c2e95c5fd1a4e7cd5f2b63c52826cb.jpg
Smarter Faster Better: The Secrets of Being Productive in Life and Business,£25.55,One,https://books.toscrape.com/media/cache/4c/30/4c3041def6f29659e009f61e45e492b0.jpg
Silence in the Dark (Logan Point #4),£34.72,One,https://books.toscrape.com/media/cache/8e/43/8e4335b369bdad5ccc1551e5592f89ac.jpg
Shadows of the Past (Logan Point #1),£35.96,Four,https://books.toscrape.com/media/cache/6c/18/6c18ea03e294bfcfe07cf531c6c5f5b3.jpg
Roller Girl,£52.86,Two,https://books.toscrape.com/media/cache/58/6a/586afa8809f59bff51b89b2bc4a16129.jpg
Rising Strong,£55.65,Five,https://books.toscrape.com/media/cache/89/10/8910c36eec96636288a9cfb61610c9fa.jpg
Proofs of God: Classical Arguments from Tertullian to Barth,£43.64,One,https://books.toscrape.com/media/cache/8a/0d/8a0d251ccece436f956df676c99e70f7.jpg
Please Kill Me: The Uncensored Oral History of Punk,£28.41,One,https://books.toscrape.com/media/cache/33/4f/334fd0ebdf0c0192baf5914d199c53b5.jpg
Out of Print: City Lights Spotlight No. 14,£37.51,Four,https://books.toscrape.com/media/cache/7d/16/7d16c126f85826628bf9dcccd7a66b32.jpg
My Life Next Door (My Life Next Door ),£11.45,Three,https://books.toscrape.com/media/cache/56/cb/56cb66d73fb438d64af14dce8bd8b22b.jpg
Miller's Valley,£19.22,Two,https://books.toscrape.com/media/cache/3a/4f/3a4fb30cfc5742f4726bc9f807b66cda.jpg
Man's Search for Meaning,£56.91,Four,https://books.toscrape.com/media/cache/73/45/7345c412c4c821f131d3c159e027c3a0.jpg
"Love That Boy: What Two Presidents, Eight Road Trips, and My Son Taught Me About a Parent's Expectations",£55.06,Four,https://books.toscrape.com/media/cache/c7/7f/c77fdad22e40b8b923ec6c5b1f5a740f.jpg
Living Forward: A Proven Plan to Stop Drifting and Get the Life You Want,£13.20,Three,https://books.toscrape.com/media/cache/56/31/56313728d302c83f2a8c70fba635ce33.jpg
Les Fleurs du Mal,£53.63,Two,https://books.toscrape.com/media/cache/1d/1f/1d1fbd89f0290275b9166877663ee9f5.jpg
Left Behind (Left Behind #1),£44.48,Five,https://books.toscrape.com/media/cache/11/af/11af7fbd6aec06a75fe207fae92b17e0.jpg
Kill 'Em and Leave: Searching for James Brown and the American Soul,£12.08,Three,https://books.toscrape.com/media/cache/9e/15/9e15d7add5090ff2a17bd71ac96aa55a.jpg
Kierkegaard: A Christian Missionary to Christians,£22.14,Two,https://books.toscrape.com/media/cache/0c/07/0c07b114195b45c156f7f1e23820c49a.jpg
John Vassos: Industrial Design for Modern Life,£25.37,Five,https://books.toscrape.com/media/cache/c7/ab/c7abb5e32bd37118a87523dcee0a70a6.jpg
I'll Give You the Sun,£46.33,Two,https://books.toscrape.com/media/cache/8b/10/8b102daec94d1ea9c6fc36dd3ec1c1fe.jpg
I Will Find You,£37.33,Three,https://books.toscrape.com/media/cache/98/c2/98c2e95c5fd1a4e7cd5f2b63c52826cb.jpg
Hystopia: A Novel,£25.55,One,https://books.toscrape.com/media/cache/4c/30/4c3041def6f29659e009f61e45e492b0.jpg
Howl and Other Poems,£34.72,One,https://books.toscrape.com/media/cache/8e/43/8e4335b369bdad5ccc1551e5592f89ac.jpg
History of Beauty,£35.96,Four,https://books.toscrape.com/media/cache/6c/18/6c18ea03e294bfcfe07cf531c6c5f5b3.jpg
Heaven is for Real: A Little Boy's Astounding Story of His Trip to Heaven and Back,£52.86,Two,https://books.toscrape.com/media/cache/58/6a/586afa8809f59bff51b89b2bc4a16129.jpg
Future Shock (Future Shock #1),£55.65,Five,https://books.toscrape.com/media/cache/89/10/8910c36eec96636288a9cfb61610c9fa.jpg
Ender's Game (The Ender Quintet #1),£43.64,One,https://books.toscrape.com/media/cache/8a/0d/8a0d251ccece436f956df676c99e70f7.jpg
Diary of a Citizen Scientist: Chasing Tiger Beetles and Other New Ways of Engaging the World,£28.41,One,https://books.toscrape.com/media/cache/33/4f/334fd0ebdf0c0192baf5914d199c53b5.jpg
Death by Leisure: A Cautionary Tale,£37.51,Four,https://books.toscrape.com/media/cache/7d/16/7d16c126f85826628bf9dcccd7a66b32.jpg
Brilliant Beacons: A History of the American Lighthouse,£11.45,Three,https://books.toscrape.com/media/cache/56/cb/56cb66d73fb438d64af14dce8bd8b22b.jpg
Brazen: The Courage to Find the You That's Been Hiding,£19.22,Two,https://books.toscrape.com/media/cache/3a/4f/3a4fb30cfc5742f4726bc9f807b66cda.jpg
Between the World and Me,£56.91,Four,https://books.toscrape.com/media/cache/73/45/7345c412c4c821f131d3c159e027c3a0.jpg
Being Mortal: Medicine and What Matters in the End,£55.06,Four,https://books.toscrape.com/media/cache/c7/7f/c77fdad22e40b8b923ec6c5b1f5a740f.jpg
"A Murder Over a Girl: Justice, Gender, Junior High",£13.20,Three,https://books.toscrape.com/media/cache/56/31/56313728d302c83f2a8c70fba635ce33.jpg
32 Yolks,£53.63,Two,https://books.toscrape.com/media/cache/1d/1f/1d1fbd89f0290275b9166877663ee9f5.jpg
"""Most Blessed of the Patriarchs"": Thomas Jefferson and the Empire of the Imagination",£44.48,Five,https://books.toscrape.com/media/cache/11/af/11af7fbd6aec06a75fe207fae92b17e0.jpg
You Are a Badass: How to Stop Doubting Your Greatness and Start Living an Awesome Life,£12.08,Three,https://books.toscrape.com/media/cache/9e/15/9e15d7add5090ff2a17bd71ac96aa55a.jpg
Wildlife of New York: A Five-Borough Coloring Book,£22.14,Two,https://books.toscrape.com/media/cache/0c/07/0c07b114195b45c156f7f1e23820c49a.jpg
What Happened on Beale Street (Secrets of the South Mysteries #2),£25.37,Five,https://books.toscrape.com/media/cache/c7/ab/c7abb5e32bd37118a87523dcee0a70a6.jpg
Unreasonable Hope: Finding Faith in the God Who Brings Purpose to Your Pain,£46.33,Two,https://books.toscrape.com/media/cache/8b/10/8b102daec94d1ea9c6fc36dd3ec1c1fe.jpg
Under the Tuscan Sun,£37.33,Three,https://books.toscrape.com/media/cache/98/c2/98c2e95c5fd1a4e7cd5f2b63c52826cb.jpg
Toddlers Are A**holes: It's Not Your Fault,£25.55,One,https://books.toscrape.com/media/cache/4c/30/4c3041def6f29659e009f61e45e492b0.jpg
The Year of Living Biblically: One Man's Humble Quest to Follow the Bible as Literally as Possible,£34.72,One,https://books.toscrape.com/media/cache/8e/43/8e4335b369bdad5ccc1551e5592f89ac.jpg
The Whale,£35.96,Four,https://books.toscrape.com/media/cache/6c/18/6c18ea03e294bfcfe07cf531c6c5f5b3.jpg
